localauth_code,localauth_name,classification,population,percent_of_localauth
S12000033,Aberdeen City,Other City,196840,0.856421859
S12000033,Aberdeen City,Village or smaller,26194,0.113966237
S12000033,Aberdeen City,Small Town,6806,0.029611904
S12000034,Aberdeenshire,Village or smaller,169863,0.647862237
S12000034,Aberdeenshire,Small Town,92327,0.352137763
E07000223,Adur,Medium Town,50465,0.794649324
E07000223,Adur,Small Town,12170,0.191635436
E07000223,Adur,Village or smaller,871,0.01371524
E07000026,Allerdale,Village or smaller,55953,0.577096827
E07000026,Allerdale,Small Town,41003,0.422903173
E07000032,Amber Valley,Small Town,66673,0.534903125
E07000032,Amber Valley,Village or smaller,31888,0.255830559
E07000032,Amber Valley,Medium Town,26084,0.209266316
S12000041,Angus,Small Town,69776,0.598832818
S12000041,Angus,Village or smaller,45968,0.394507381
S12000041,Angus,Large Town,776,0.006659801
S12000035,Argyll and Bute,Village or smaller,56893,0.652966831
S12000035,Argyll and Bute,Small Town,30237,0.347033169
E07000224,Arun,Large Town,73525,0.468321051
E07000224,Arun,Medium Town,57577,0.366739492
E07000224,Arun,Village or smaller,15890,0.101212125
E07000224,Arun,Small Town,10005,0.063727332
E07000170,Ashfield,Medium Town,109282,0.877893993
E07000170,Ashfield,Village or smaller,14687,0.11798493
E07000170,Ashfield,Small Town,258,0.002072589
E07000170,Ashfield,Core City (outside London),255,0.002048489
E07000105,Ashford,Large Town,73105,0.579503928
E07000105,Ashford,Village or smaller,53046,0.420496072
E07000004,Aylesbury Vale,Village or smaller,87693,0.454102002
E07000004,Aylesbury Vale,Large Town,83407,0.431907743
E07000004,Aylesbury Vale,Small Town,22013,0.113990254
E07000200,Babergh,Village or smaller,53046,0.592705982
E07000200,Babergh,Small Town,31607,0.35315873
E07000200,Babergh,Large Town,4845,0.054135288
E09000002,Barking and Dagenham,Core City (London),206460,1
E09000003,Barnet,Core City (London),385838,0.999365421
E09000003,Barnet,Medium Town,245,0.000634579
E08000016,Barnsley,Large Town,96082,0.398320192
E08000016,Barnsley,Small Town,95068,0.394116525
E08000016,Barnsley,Village or smaller,50068,0.207563283
E07000027,Barrow-in-Furness,Medium Town,44624,0.662854087
E07000027,Barrow-in-Furness,Small Town,17398,0.258433475
E07000027,Barrow-in-Furness,Village or smaller,5299,0.078712437
E07000066,Basildon,Large Town,114308,0.623346312
E07000066,Basildon,Medium Town,65891,0.359317912
E07000066,Basildon,Village or smaller,3179,0.017335776
E07000084,Basingstoke and Deane,Large Town,113776,0.651682819
E07000084,Basingstoke and Deane,Village or smaller,45301,0.259473732
E07000084,Basingstoke and Deane,Small Town,15511,0.088843449
E07000171,Bassetlaw,Medium Town,42652,0.371381055
E07000171,Bassetlaw,Village or smaller,41387,0.360366401
E07000171,Bassetlaw,Small Town,30808,0.268252545
E06000022,Bath and North East Somerset,Large Town,100575,0.535682899
E06000022,Bath and North East Somerset,Village or smaller,45441,0.242028005
E06000022,Bath and North East Somerset,Small Town,40303,0.214661973
E06000022,Bath and North East Somerset,Core City (outside London),1432,0.007627123
E06000055,Bedford,Large Town,92407,0.547593792
E06000055,Bedford,Village or smaller,54487,0.322884013
E06000055,Bedford,Small Town,20971,0.124271856
E06000055,Bedford,Medium Town,886,0.005250339
E09000004,Bexley,Core City (London),244590,0.999305442
E09000004,Bexley,Village or smaller,170,0.000694558
E08000025,Birmingham,Core City (outside London),1032713,0.918318929
E08000025,Birmingham,Large Town,91328,0.081211557
E08000025,Birmingham,Village or smaller,528,0.000469513
E07000129,Blaby,Other City,44733,0.45784674
E07000129,Blaby,Small Town,26638,0.272642601
E07000129,Blaby,Village or smaller,26332,0.26951066
E06000008,Blackburn with Darwen,Large Town,112731,0.76662201
E06000008,Blackburn with Darwen,Medium Town,27442,0.186618066
E06000008,Blackburn with Darwen,Village or smaller,6876,0.046759924
E06000009,Blackpool,Large Town,138402,0.994302956
E06000009,Blackpool,Village or smaller,537,0.003857897
E06000009,Blackpool,Small Town,256,0.001839147
W06000019,Blaenau Gwent,Small Town,45472,0.653070604
W06000019,Blaenau Gwent,Village or smaller,24156,0.346929396
E07000033,Bolsover,Small Town,46894,0.600573756
E07000033,Bolsover,Village or smaller,30129,0.385863579
E07000033,Bolsover,Large Town,1059,0.013562665
E08000001,Bolton,Other City,176196,0.622347809
E08000001,Bolton,Small Town,66104,0.233488159
E08000001,Bolton,Medium Town,30839,0.108927468
E08000001,Bolton,Village or smaller,9566,0.03378839
E08000001,Bolton,Large Town,410,0.001448175
E07000136,Boston,Medium Town,44186,0.653987331
E07000136,Boston,Village or smaller,23378,0.346012669
E06000028,Bournemouth,Other City,197530,0.999357473
E06000028,Bournemouth,Village or smaller,127,0.000642527
E06000036,Bracknell Forest,Large Town,82839,0.693520976
E06000036,Bracknell Forest,Small Town,33428,0.279856338
E06000036,Bracknell Forest,Village or smaller,3180,0.026622686
E08000032,Bradford,Other City,332821,0.622934834
E08000032,Bradford,Medium Town,82462,0.154342581
E08000032,Bradford,Small Town,61952,0.115954398
E08000032,Bradford,Village or smaller,56740,0.106199196
E08000032,Bradford,Large Town,304,0.000568991
E07000067,Braintree,Medium Town,69483,0.460155365
E07000067,Braintree,Village or smaller,61471,0.407095411
E07000067,Braintree,Small Town,20045,0.132749224
E07000143,Breckland,Village or smaller,60577,0.442064627
E07000143,Breckland,Small Town,49428,0.360704069
E07000143,Breckland,Medium Town,27027,0.197231304
E09000005,Brent,Core City (London),328254,1
E07000068,Brentwood,Medium Town,54782,0.717173304
E07000068,Brentwood,Village or smaller,21604,0.282826696
W06000013,Bridgend,Small Town,69438,0.484980129
W06000013,Bridgend,Medium Town,48017,0.335368111
W06000013,Bridgend,Village or smaller,25722,0.17965176
E06000043,Brighton and Hove,Other City,242858,0.839673753
E06000043,Brighton and Hove,Small Town,40379,0.139609099
E06000043,Brighton and Hove,Village or smaller,5992,0.020717148
E06000023,"Bristol, City of",Core City (outside London),454213,1
E07000144,Broadland,Village or smaller,65048,0.510360519
E07000144,Broadland,Other City,46740,0.366717665
E07000144,Broadland,Small Town,15667,0.122921816
E09000006,Bromley,Core City (London),322606,0.986897693
E09000006,Bromley,Village or smaller,4283,0.013102307
E07000234,Bromsgrove,Medium Town,34820,0.359825977
E07000234,Bromsgrove,Village or smaller,28371,0.293182734
E07000234,Bromsgrove,Core City (outside London),16377,0.169238082
E07000234,Bromsgrove,Small Town,10693,0.110500264
E07000234,Bromsgrove,Large Town,6508,0.067252943
E07000095,Broxbourne,Medium Town,86199,0.890678763
E07000095,Broxbourne,Small Town,10408,0.107543992
E07000095,Broxbourne,Village or smaller,172,0.001777245
E07000172,Broxtowe,Medium Town,53084,0.471141642
E07000172,Broxtowe,Small Town,47135,0.418341898
E07000172,Broxtowe,Village or smaller,6359,0.056438658
E07000172,Broxtowe,Core City (outside London),6093,0.054077802
E07000117,Burnley,Large Town,82002,0.936930143
E07000117,Burnley,Village or smaller,5520,0.063069857
E08000002,Bury,Large Town,79506,0.421404682
E08000002,Bury,Small Town,40351,0.213871913
E08000002,Bury,Medium Town,31160,0.165156968
E08000002,Bury,Core City (outside London),30600,0.162188807
E08000002,Bury,Village or smaller,7052,0.03737763
W06000018,Caerphilly,Small Town,87818,0.486628764
W06000018,Caerphilly,Village or smaller,50562,0.280180869
W06000018,Caerphilly,Medium Town,42082,0.233190367
E08000033,Calderdale,Large Town,92304,0.440024789
E08000033,Calderdale,Village or smaller,44984,0.214444391
E08000033,Calderdale,Medium Town,33866,0.161443486
E08000033,Calderdale,Small Town,28234,0.134595033
E08000033,Calderdale,Other City,10382,0.049492301
E07000008,Cambridge,Large Town,131479,0.99757206
E07000008,Cambridge,Village or smaller,320,0.00242794
E09000007,Camden,Core City (London),246181,1
E07000192,Cannock Chase,Large Town,63332,0.642742607
E07000192,Cannock Chase,Small Town,24567,0.249325106
E07000192,Cannock Chase,Village or smaller,10635,0.107932287
E07000106,Canterbury,Medium Town,73648,0.453452862
E07000106,Canterbury,Large Town,61735,0.380104177
E07000106,Canterbury,Village or smaller,27033,0.166442961
W06000015,Cardiff,Core City (outside London),349640,0.967277878
W06000015,Cardiff,Village or smaller,8927,0.024696515
W06000015,Cardiff,Medium Town,2901,0.008025607
E07000028,Carlisle,Large Town,75399,0.695504986
E07000028,Carlisle,Village or smaller,33010,0.304495014
W06000010,Carmarthenshire,Village or smaller,113724,0.612704057
W06000010,Carmarthenshire,Medium Town,44561,0.24007866
W06000010,Carmarthenshire,Small Town,27325,0.147217284
E07000069,Castle Point,Medium Town,66609,0.742318708
E07000069,Castle Point,Other City,1069,0.011913386
E07000069,Castle Point,Small Town,22053,0.245767906
E06000056,Central Bedfordshire,Village or smaller,117192,0.420137881
E06000056,Central Bedfordshire,Small Town,78978,0.283139203
E06000056,Central Bedfordshire,Medium Town,74525,0.267175025
E06000056,Central Bedfordshire,Other City,8242,0.029547891
W06000008,Ceredigion,Village or smaller,56963,0.768254525
W06000008,Ceredigion,Small Town,17183,0.231745475
E07000130,Charnwood,Large Town,65104,0.362920803
E07000130,Charnwood,Small Town,63749,0.355367386
E07000130,Charnwood,Village or smaller,40195,0.224066136
E07000130,Charnwood,Other City,10341,0.057645675
E07000070,Chelmsford,Large Town,115369,0.662701262
E07000070,Chelmsford,Village or smaller,38829,0.223041088
E07000070,Chelmsford,Small Town,16300,0.09363027
E07000070,Chelmsford,Medium Town,3591,0.02062738
E07000078,Cheltenham,Large Town,117209,0.997268782
E07000078,Cheltenham,Village or smaller,321,0.002731218
E07000177,Cherwell,Medium Town,80229,0.548244475
E07000177,Cherwell,Village or smaller,51042,0.348795255
E07000177,Cherwell,Small Town,15067,0.10296027
E06000049,Cheshire East,Medium Town,123492,0.327830207
E06000049,Cheshire East,Small Town,95516,0.253563228
E06000049,Cheshire East,Village or smaller,84446,0.224176058
E06000049,Cheshire East,Large Town,73241,0.194430507
E06000050,Cheshire West and Chester,Large Town,143684,0.428038608
E06000050,Cheshire West and Chester,Village or smaller,90691,0.270170996
E06000050,Cheshire West and Chester,Medium Town,76875,0.22901275
E06000050,Cheshire West and Chester,Small Town,24430,0.072777645
E07000034,Chesterfield,Large Town,86087,0.824272309
E07000034,Chesterfield,Small Town,15441,0.147845653
E07000034,Chesterfield,Village or smaller,2912,0.027882038
E07000225,Chichester,Village or smaller,65221,0.55190184
E07000225,Chichester,Medium Town,30925,0.261688174
E07000225,Chichester,Small Town,22029,0.186409985
E07000005,Chiltern,Small Town,62707,0.6593588
E07000005,Chiltern,Village or smaller,27421,0.288329495
E07000005,Chiltern,Large Town,4975,0.052311704
E07000118,Chorley,Medium Town,42503,0.371688923
E07000118,Chorley,Village or smaller,30818,0.269503546
E07000118,Chorley,Small Town,25831,0.225892209
E07000118,Chorley,Large Town,15199,0.132915322
E07000048,Christchurch,Medium Town,48716,0.98453952
E07000048,Christchurch,Village or smaller,765,0.01546048
S12000036,City of Edinburgh,Core City (outside London),486864,0.959962143
S12000036,City of Edinburgh,Village or smaller,11611,0.022893704
S12000036,City of Edinburgh,Small Town,8695,0.017144153
E09000001,City of London,Core City (London),9401,1
S12000005,Clackmannanshire,Small Town,29060,0.565920156
S12000005,Clackmannanshire,Village or smaller,22290,0.434079844
E07000071,Colchester,Large Town,131404,0.70406944
E07000071,Colchester,Village or smaller,37992,0.203563104
E07000071,Colchester,Small Town,17239,0.092367455
W06000003,Conwy,Small Town,46469,0.398745474
W06000003,Conwy,Village or smaller,41822,0.358870068
W06000003,Conwy,Medium Town,28247,0.242384458
E07000029,Copeland,Village or smaller,45601,0.657956628
E07000029,Copeland,Small Town,23706,0.342043372
E07000150,Corby,Medium Town,59902,0.878495901
E07000150,Corby,Village or smaller,8285,0.121504099
E06000052,Cornwall,Village or smaller,295703,0.534061663
E06000052,Cornwall,Small Town,232456,0.419832866
E06000052,Cornwall,Medium Town,25528,0.046105471
E07000079,Cotswold,Village or smaller,68764,0.80185643
E07000079,Cotswold,Small Town,16992,0.19814357
E06000047,County Durham,Village or smaller,222453,0.426038461
E06000047,County Durham,Medium Town,179167,0.343137799
E06000047,County Durham,Small Town,120190,0.230185984
E06000047,County Durham,Large Town,333,0.000637756
E08000026,Coventry,Other City,352323,0.998333858
E08000026,Coventry,Village or smaller,588,0.001666142
E07000163,Craven,Village or smaller,33714,0.59874263
E07000163,Craven,Small Town,22594,0.40125737
E07000226,Crawley,Large Town,110606,0.993095398
E07000226,Crawley,Village or smaller,769,0.006904602
E09000008,Croydon,Core City (London),359438,0.94018896
E09000008,Croydon,Small Town,22866,0.05981104
E07000096,Dacorum,Large Town,98113,0.642554947
E07000096,Dacorum,Small Town,33663,0.220463417
E07000096,Dacorum,Village or smaller,20916,0.136981636
E06000005,Darlington,Large Town,92392,0.874543286
E06000005,Darlington,Village or smaller,13254,0.125456714
E07000107,Dartford,Large Town,62856,0.595548734
E07000107,Dartford,Small Town,26973,0.255564083
E07000107,Dartford,Village or smaller,14692,0.139203926
E07000107,Dartford,Medium Town,1022,0.009683257
E07000151,Daventry,Village or smaller,51400,0.632101923
E07000151,Daventry,Small Town,24913,0.30637267
E07000151,Daventry,Other City,5003,0.061525407
W06000004,Denbighshire,Village or smaller,43757,0.461547387
W06000004,Denbighshire,Medium Town,25621,0.270249459
W06000004,Denbighshire,Small Town,25427,0.268203154
E06000015,Derby,Other City,256233,1
E07000035,Derbyshire Dales,Village or smaller,47039,0.659844574
E07000035,Derbyshire Dales,Small Town,24249,0.340155426
E08000017,Doncaster,Large Town,113043,0.368942907
E08000017,Doncaster,Small Town,104282,0.340349285
E08000017,Doncaster,Village or smaller,62171,0.20290995
E08000017,Doncaster,Medium Town,26901,0.087797857
E07000108,Dover,Medium Town,74975,0.656368459
E07000108,Dover,Village or smaller,39252,0.343631541
E08000027,Dudley,Medium Town,173033,0.544755914
E08000027,Dudley,Large Town,121477,0.382443315
E08000027,Dudley,Small Town,22854,0.071950736
E08000027,Dudley,Village or smaller,270,0.000850035
S12000006,Dumfries and Galloway,Village or smaller,97131,0.64961878
S12000006,Dumfries and Galloway,Medium Town,32948,0.22035848
S12000006,Dumfries and Galloway,Small Town,19441,0.130022739
S12000042,Dundee City,Large Town,147114,0.992203413
S12000042,Dundee City,Village or smaller,1156,0.007796587
E09000009,Ealing,Core City (London),343196,1
S12000008,East Ayrshire,Village or smaller,67065,0.548813421
S12000008,East Ayrshire,Medium Town,46321,0.37905892
S12000008,East Ayrshire,Small Town,8814,0.07212766
E07000009,East Cambridgeshire,Village or smaller,47003,0.535189297
E07000009,East Cambridgeshire,Small Town,40822,0.464810703
E07000040,East Devon,Village or smaller,71425,0.510514052
E07000040,East Devon,Medium Town,35216,0.251708265
E07000040,East Devon,Small Town,33267,0.237777682
E07000049,East Dorset,Small Town,29720,0.333584008
E07000049,East Dorset,Medium Town,27075,0.303895929
E07000049,East Dorset,Village or smaller,22100,0.248055403
E07000049,East Dorset,Large Town,10198,0.114464661
S12000045,East Dunbartonshire,Small Town,62645,0.582527432
S12000045,East Dunbartonshire,Medium Town,28117,0.261456202
S12000045,East Dunbartonshire,Village or smaller,16778,0.156016366
E07000085,East Hampshire,Village or smaller,50537,0.42844305
E07000085,East Hampshire,Small Town,49304,0.417989911
E07000085,East Hampshire,Medium Town,18114,0.153567038
E07000242,East Hertfordshire,Medium Town,70159,0.479526208
E07000242,East Hertfordshire,Village or smaller,47524,0.324819389
E07000242,East Hertfordshire,Small Town,28626,0.195654403
E07000137,East Lindsey,Village or smaller,84136,0.607730257
E07000137,East Lindsey,Small Town,29162,0.210642647
E07000137,East Lindsey,Medium Town,25145,0.181627096
S12000010,East Lothian,Small Town,62884,0.60413104
S12000010,East Lothian,Village or smaller,41206,0.39586896
E07000152,East Northamptonshire,Village or smaller,35119,0.385927318
E07000152,East Northamptonshire,Medium Town,30528,0.335476214
E07000152,East Northamptonshire,Small Town,25352,0.278596468
S12000011,East Renfrewshire,Small Town,39484,0.420893295
S12000011,East Renfrewshire,Village or smaller,30511,0.325242511
S12000011,East Renfrewshire,Medium Town,23815,0.253864194
E06000011,East Riding of Yorkshire,Village or smaller,139765,0.413878163
E06000011,East Riding of Yorkshire,Small Town,103597,0.306775917
E06000011,East Riding of Yorkshire,Medium Town,66273,0.196250474
E06000011,East Riding of Yorkshire,Other City,28061,0.083095447
E07000193,East Staffordshire,Large Town,74145,0.635341599
E07000193,East Staffordshire,Village or smaller,29540,0.253125509
E07000193,East Staffordshire,Small Town,13016,0.111532892
E07000061,Eastbourne,Large Town,103054,1
E07000086,Eastleigh,Large Town,72186,0.556840359
E07000086,Eastleigh,Medium Town,26473,0.204211826
E07000086,Eastleigh,Village or smaller,19789,0.152651676
E07000086,Eastleigh,Other City,11187,0.086296139
E07000030,Eden,Village or smaller,37251,0.707669219
E07000030,Eden,Small Town,15388,0.292330781
E07000207,Elmbridge,Medium Town,72296,0.544545208
E07000207,Elmbridge,Large Town,36426,0.274366545
E07000207,Elmbridge,Small Town,18039,0.135872676
E07000207,Elmbridge,Core City (London),4334,0.032644392
E07000207,Elmbridge,Village or smaller,1669,0.012571179
E09000010,Enfield,Core City (London),330139,0.996209961
E09000010,Enfield,Village or smaller,1256,0.003790039
E07000072,Epping Forest,Small Town,43083,0.330591386
E07000072,Epping Forest,Medium Town,36859,0.282832391
E07000072,Epping Forest,Village or smaller,36066,0.276747416
E07000072,Epping Forest,Core City (London),14189,0.108877311
E07000072,Epping Forest,Large Town,124,0.000951497
E07000208,Epsom and Ewell,Medium Town,59312,0.745237976
E07000208,Epsom and Ewell,Core City (London),17265,0.216929688
E07000208,Epsom and Ewell,Village or smaller,3011,0.037832337
E07000036,Erewash,Medium Town,78633,0.684413923
E07000036,Erewash,Village or smaller,18623,0.162092766
E07000036,Erewash,Small Town,17635,0.153493311
E07000041,Exeter,Large Town,124180,0.956695249
E07000041,Exeter,Village or smaller,5621,0.043304751
S12000014,Falkirk,Village or smaller,64118,0.402296399
S12000014,Falkirk,Small Town,59353,0.372399297
S12000014,Falkirk,Medium Town,35909,0.225304304
E07000087,Fareham,Medium Town,99660,0.863432765
E07000087,Fareham,Other City,14712,0.127461598
E07000087,Fareham,Village or smaller,1051,0.009105638
E07000010,Fenland,Small Town,45381,0.452985566
E07000010,Fenland,Medium Town,30232,0.301770777
E07000010,Fenland,Village or smaller,24569,0.245243657
S12000015,Fife,Village or smaller,148101,0.399916291
S12000015,Fife,Medium Town,142965,0.386047579
S12000015,Fife,Small Town,79264,0.21403613
W06000005,Flintshire,Small Town,89022,0.576496416
W06000005,Flintshire,Village or smaller,60249,0.390165718
W06000005,Flintshire,Large Town,5148,0.033337866
E07000201,Forest Heath,Small Town,43420,0.673731904
E07000201,Forest Heath,Village or smaller,21027,0.326268096
E07000080,Forest of Dean,Village or smaller,64849,0.759489372
E07000080,Forest of Dean,Small Town,20536,0.240510628
E07000119,Fylde,Medium Town,44053,0.564854469
E07000119,Fylde,Small Town,20919,0.268226696
E07000119,Fylde,Village or smaller,11012,0.141197589
E07000119,Fylde,Large Town,2006,0.025721246
E08000037,Gateshead,Large Town,121367,0.60204274
E08000037,Gateshead,Small Town,47478,0.235515298
E08000037,Gateshead,Village or smaller,19261,0.095544466
E08000037,Gateshead,Medium Town,13486,0.066897496
E07000173,Gedling,Medium Town,87316,0.749487129
E07000173,Gedling,Village or smaller,22209,0.190633557
E07000173,Gedling,Core City (outside London),6976,0.059879314
S12000046,Glasgow City,Core City (outside London),608508,0.989331296
S12000046,Glasgow City,Village or smaller,6562,0.010668704
E07000081,Gloucester,Large Town,128488,1
E07000088,Gosport,Large Town,73800,0.864543186
E07000088,Gosport,Medium Town,11311,0.132504715
E07000088,Gosport,Village or smaller,252,0.002952099
E07000109,Gravesham,Medium Town,87355,0.817869448
E07000109,Gravesham,Village or smaller,19089,0.178722568
E07000109,Gravesham,Large Town,364,0.003407984
E07000145,Great Yarmouth,Medium Town,40405,0.407456335
E07000145,Great Yarmouth,Small Town,33728,0.340123432
E07000145,Great Yarmouth,Village or smaller,25031,0.252420233
E09000011,Greenwich,Core City (London),279766,1
E07000209,Guildford,Large Town,92835,0.62717876
E07000209,Guildford,Village or smaller,40067,0.270686394
E07000209,Guildford,Medium Town,14201,0.095939738
E07000209,Guildford,Small Town,917,0.006195109
W06000002,Gwynedd,Village or smaller,94109,0.769423846
W06000002,Gwynedd,Small Town,28202,0.230576154
E09000012,Hackney,Core City (London),272830,0.997455452
E09000012,Hackney,Village or smaller,696,0.002544548
E06000006,Halton,Large Town,123122,0.97020559
E06000006,Halton,Village or smaller,3781,0.02979441
E07000164,Hambleton,Village or smaller,63044,0.696334095
E07000164,Hambleton,Small Town,27493,0.303665905
E09000013,Hammersmith and Fulham,Core City (London),179654,1
E07000131,Harborough,Village or smaller,40394,0.446757211
E07000131,Harborough,Medium Town,25165,0.278324633
E07000131,Harborough,Small Town,19190,0.212241196
E07000131,Harborough,Other City,5667,0.06267696
E09000014,Haringey,Core City (London),278451,1
E07000073,Harlow,Large Town,85995,1
E07000165,Harrogate,Large Town,72621,0.464590051
E07000165,Harrogate,Village or smaller,51922,0.332168995
E07000165,Harrogate,Small Town,31769,0.203240954
E09000015,Harrow,Core City (London),248147,0.997567859
E09000015,Harrow,Village or smaller,605,0.002432141
E07000089,Hart,Medium Town,43355,0.46
E07000089,Hart,Village or smaller,28515,0.302546419
E07000089,Hart,Small Town,22380,0.237453581
E06000001,Hartlepool,Large Town,89608,0.965426592
E06000001,Hartlepool,Village or smaller,3209,0.034573408
E07000062,Hastings,Large Town,92236,1
E07000090,Havant,Medium Town,77173,0.624175024
E07000090,Havant,Small Town,25666,0.207586542
E07000090,Havant,Other City,18896,0.152830799
E07000090,Havant,Village or smaller,1905,0.015407635
E09000016,Havering,Core City (London),250672,0.991648964
E09000016,Havering,Village or smaller,2111,0.008351036
E06000019,"Herefordshire, County of",Village or smaller,92310,0.487615486
E06000019,"Herefordshire, County of",Large Town,63024,0.332916026
E06000019,"Herefordshire, County of",Small Town,31534,0.166574225
E06000019,"Herefordshire, County of",Medium Town,2441,0.012894263
E07000098,Hertsmere,Medium Town,63349,0.611902094
E07000098,Hertsmere,Small Town,30448,0.294104011
E07000098,Hertsmere,Village or smaller,8982,0.086759138
E07000098,Hertsmere,Large Town,749,0.007234758
E07000037,High Peak,Village or smaller,33773,0.368451485
E07000037,High Peak,Small Town,30997,0.338166307
E07000037,High Peak,Medium Town,26892,0.293382209
S12000017,Highland,Village or smaller,171910,0.732248584
S12000017,Highland,Medium Town,45666,0.194513779
S12000017,Highland,Small Town,17194,0.073237637
E09000017,Hillingdon,Core City (London),294934,0.975081909
E09000017,Hillingdon,Village or smaller,7537,0.024918091
E07000132,Hinckley and Bosworth,Medium Town,48157,0.437385334
E07000132,Hinckley and Bosworth,Village or smaller,42116,0.382518029
E07000132,Hinckley and Bosworth,Small Town,19829,0.180096638
E07000227,Horsham,Village or smaller,54607,0.395651292
E07000227,Horsham,Medium Town,49897,0.361525308
E07000227,Horsham,Small Town,33227,0.240743961
E07000227,Horsham,Large Town,287,0.002079439
E09000018,Hounslow,Core City (London),271139,1
E07000011,Huntingdonshire,Village or smaller,82946,0.47218016
E07000011,Huntingdonshire,Medium Town,58093,0.330701445
E07000011,Huntingdonshire,Small Town,34009,0.193600355
E07000011,Huntingdonshire,Large Town,618,0.00351804
E07000120,Hyndburn,Medium Town,34999,0.434570446
E07000120,Hyndburn,Small Town,30617,0.380160671
E07000120,Hyndburn,Village or smaller,13069,0.162273241
E07000120,Hyndburn,Large Town,1852,0.022995642
S12000018,Inverclyde,Medium Town,41323,0.522018696
S12000018,Inverclyde,Small Town,25381,0.320629106
S12000018,Inverclyde,Village or smaller,12456,0.157352198
E07000202,Ipswich,Large Town,135908,1
W06000001,Isle of Anglesey,Village or smaller,58104,0.833354847
W06000001,Isle of Anglesey,Small Town,11619,0.166645153
E06000046,Isle of Wight,Small Town,67748,0.484613514
E06000046,Isle of Wight,Village or smaller,46596,0.333309489
E06000046,Isle of Wight,Medium Town,25454,0.182076997
E06000053,Isles of Scilly,Village or smaller,2308,1
E09000019,Islington,Core City (London),232865,1
E09000020,Kensington and Chelsea,Core City (London),156726,1
E07000153,Kettering,Medium Town,58908,0.595018282
E07000153,Kettering,Small Town,28516,0.288034585
E07000153,Kettering,Village or smaller,11578,0.116947132
E07000146,King's Lynn and West Norfolk,Village or smaller,78918,0.520605057
E07000146,King's Lynn and West Norfolk,Medium Town,52173,0.34417405
E07000146,King's Lynn and West Norfolk,Small Town,20498,0.135220893
E06000010,"Kingston upon Hull, City of",Other City,260240,1
E09000021,Kingston upon Thames,Core City (London),175689,0.997626443
E09000021,Kingston upon Thames,Village or smaller,418,0.002373557
E08000034,Kirklees,Large Town,286251,0.654966171
E08000034,Kirklees,Small Town,92931,0.212633881
E08000034,Kirklees,Village or smaller,47414,0.108487188
E08000034,Kirklees,Other City,10451,0.02391276
E08000011,Knowsley,Core City (outside London),80543,0.544522192
E08000011,Knowsley,Medium Town,65151,0.440462428
E08000011,Knowsley,Large Town,1264,0.008545448
E08000011,Knowsley,Village or smaller,957,0.006469932
E09000022,Lambeth,Core City (London),327910,1
E07000121,Lancaster,Medium Town,85296,0.594326804
E07000121,Lancaster,Village or smaller,41457,0.288864734
E07000121,Lancaster,Small Town,16764,0.116808462
E08000035,Leeds,Core City (outside London),500155,0.639794664
E08000035,Leeds,Small Town,120222,0.153787114
E08000035,Leeds,Medium Town,63472,0.081192924
E08000035,Leeds,Village or smaller,57954,0.074134338
E08000035,Leeds,Large Town,33449,0.042787719
E08000035,Leeds,Other City,6491,0.00830324
E06000016,Leicester,Other City,347829,0.998524443
E06000016,Leicester,Village or smaller,514,0.001475557
E07000063,Lewes,Small Town,77744,0.766849804
E07000063,Lewes,Village or smaller,22908,0.225959499
E07000063,Lewes,Medium Town,729,0.007190696
E09000023,Lewisham,Core City (London),301867,1
E07000194,Lichfield,Medium Town,62235,0.603865672
E07000194,Lichfield,Village or smaller,33124,0.321401888
E07000194,Lichfield,Small Town,4946,0.047990996
E07000194,Lichfield,Large Town,2756,0.026741444
E07000138,Lincoln,Large Town,97795,1
E08000012,Liverpool,Core City (outside London),484578,1
E06000032,Luton,Other City,216791,1
E07000110,Maidstone,Large Town,120164,0.722313056
E07000110,Maidstone,Village or smaller,46196,0.277686944
E07000074,Maldon,Village or smaller,41475,0.654696133
E07000074,Maldon,Small Town,21875,0.345303867
E07000235,Malvern Hills,Village or smaller,39464,0.518376461
E07000235,Malvern Hills,Medium Town,35453,0.465690267
E07000235,Malvern Hills,Large Town,1213,0.015933272
E08000003,Manchester,Core City (outside London),464483,0.858146594
E08000003,Manchester,Large Town,75190,0.138915832
E08000003,Manchester,Medium Town,1529,0.002824874
E08000003,Manchester,Village or smaller,61,0.000112699
E07000174,Mansfield,Large Town,74765,0.695909154
E07000174,Mansfield,Small Town,29194,0.271736399
E07000174,Mansfield,Village or smaller,3476,0.032354447
E06000035,Medway,Large Town,248090,0.890673579
E06000035,Medway,Village or smaller,30452,0.109326421
E07000133,Melton,Medium Town,27439,0.539309721
E07000133,Melton,Village or smaller,23439,0.460690279
E07000187,Mendip,Small Town,43786,0.389053268
E07000187,Mendip,Village or smaller,41510,0.368830246
E07000187,Mendip,Medium Town,27249,0.242116487
W06000024,Merthyr Tydfil,Medium Town,44564,0.745092794
W06000024,Merthyr Tydfil,Small Town,7766,0.129844508
W06000024,Merthyr Tydfil,Village or smaller,7480,0.125062699
E09000024,Merton,Core City (London),205029,1
E07000042,Mid Devon,Village or smaller,43750,0.548321197
E07000042,Mid Devon,Small Town,36039,0.451678803
E07000203,Mid Suffolk,Village or smaller,78904,0.78892955
E07000203,Mid Suffolk,Small Town,20805,0.208020877
E07000203,Mid Suffolk,Large Town,305,0.003049573
E07000228,Mid Sussex,Medium Town,96904,0.658812012
E07000228,Mid Sussex,Village or smaller,35876,0.24390675
E07000228,Mid Sussex,Small Town,13490,0.09171318
E07000228,Mid Sussex,Large Town,819,0.005568057
E06000002,Middlesbrough,Other City,139348,0.992521261
E06000002,Middlesbrough,Village or smaller,1050,0.007478739
S12000019,Midlothian,Small Town,57943,0.653910394
S12000019,Midlothian,Village or smaller,30667,0.346089606
E06000042,Milton Keynes,Other City,182265,0.689147343
E06000042,Milton Keynes,Medium Town,39050,0.147648774
E06000042,Milton Keynes,Village or smaller,28260,0.106851584
E06000042,Milton Keynes,Small Town,14904,0.0563523
E07000210,Mole Valley,Medium Town,32084,0.372104891
E07000210,Mole Valley,Small Town,31523,0.365598506
E07000210,Mole Valley,Village or smaller,22616,0.262296603
W06000021,Monmouthshire,Small Town,47548,0.512133386
W06000021,Monmouthshire,Village or smaller,45295,0.487866614
S12000020,Moray,Small Town,48140,0.501092953
S12000020,Moray,Village or smaller,47930,0.498907047
S12000013,Na h-Eileanan Siar,Village or smaller,26900,1
W06000012,Neath Port Talbot,Medium Town,88695,0.626430206
W06000012,Neath Port Talbot,Village or smaller,36173,0.25548069
W06000012,Neath Port Talbot,Small Town,16720,0.118089104
E07000091,New Forest,Small Town,84553,0.471741168
E07000091,New Forest,Village or smaller,58032,0.323774242
E07000091,New Forest,Medium Town,36651,0.20448459
E07000175,Newark and Sherwood,Village or smaller,58592,0.490022581
E07000175,Newark and Sherwood,Medium Town,39059,0.326662206
E07000175,Newark and Sherwood,Small Town,17152,0.143447353
E07000175,Newark and Sherwood,Large Town,4767,0.03986786
E08000021,Newcastle upon Tyne,Core City (outside London),280980,0.947726307
E08000021,Newcastle upon Tyne,Village or smaller,13521,0.045605407
E08000021,Newcastle upon Tyne,Small Town,1977,0.006668286
E07000195,Newcastle-under-Lyme,Large Town,77798,0.605587427
E07000195,Newcastle-under-Lyme,Village or smaller,26814,0.208722863
E07000195,Newcastle-under-Lyme,Medium Town,23285,0.181252773
E07000195,Newcastle-under-Lyme,Other City,570,0.004436937
E09000025,Newham,Core City (London),340978,1
W06000022,Newport,Large Town,131308,0.880387266
W06000022,Newport,Village or smaller,10779,0.072270496
W06000022,Newport,Small Town,7061,0.047342237
S12000021,North Ayrshire,Small Town,59356,0.436794466
S12000021,North Ayrshire,Village or smaller,42900,0.315696519
S12000021,North Ayrshire,Medium Town,33634,0.247509015
E07000043,North Devon,Village or smaller,44181,0.466955557
E07000043,North Devon,Medium Town,31795,0.336046081
E07000043,North Devon,Small Town,18639,0.196998362
E07000050,North Dorset,Village or smaller,38583,0.542933131
E07000050,North Dorset,Small Town,32481,0.457066869
E07000038,North East Derbyshire,Small Town,53088,0.528643837
E07000038,North East Derbyshire,Village or smaller,43851,0.436662916
E07000038,North East Derbyshire,Large Town,2909,0.028967468
E07000038,North East Derbyshire,Core City (outside London),575,0.00572578
E06000012,North East Lincolnshire,Large Town,88099,0.553580405
E06000012,North East Lincolnshire,Medium Town,39107,0.245733424
E06000012,North East Lincolnshire,Village or smaller,22244,0.139772784
E06000012,North East Lincolnshire,Small Town,9694,0.060913387
E07000099,North Hertfordshire,Medium Town,70978,0.534686283
E07000099,North Hertfordshire,Small Town,30396,0.228976926
E07000099,North Hertfordshire,Village or smaller,25232,0.190075859
E07000099,North Hertfordshire,Large Town,6141,0.046260932
E07000139,North Kesteven,Village or smaller,72795,0.642514806
E07000139,North Kesteven,Small Town,34296,0.30270881
E07000139,North Kesteven,Large Town,6206,0.054776384
S12000044,North Lanarkshire,Medium Town,192894,0.56835499
S12000044,North Lanarkshire,Village or smaller,92132,0.271463508
S12000044,North Lanarkshire,Small Town,54364,0.160181502
E06000013,North Lincolnshire,Large Town,82334,0.482088696
E06000013,North Lincolnshire,Village or smaller,75666,0.443045683
E06000013,North Lincolnshire,Small Town,12786,0.074865621
E07000147,North Norfolk,Village or smaller,74926,0.722164392
E07000147,North Norfolk,Small Town,28826,0.277835608
E06000024,North Somerset,Large Town,87584,0.413754659
E06000024,North Somerset,Village or smaller,60721,0.286851442
E06000024,North Somerset,Small Town,37194,0.175707787
E06000024,North Somerset,Medium Town,26182,0.123686113
E08000022,North Tyneside,Medium Town,119162,0.58611853
E08000022,North Tyneside,Large Town,68202,0.335463117
E08000022,North Tyneside,Small Town,7335,0.036078443
E08000022,North Tyneside,Village or smaller,6880,0.033840448
E08000022,North Tyneside,Core City (outside London),1728,0.008499461
E07000218,North Warwickshire,Village or smaller,37233,0.588859542
E07000218,North Warwickshire,Small Town,20828,0.329405811
E07000218,North Warwickshire,Large Town,5168,0.081734647
E07000134,North West Leicestershire,Village or smaller,48451,0.491170269
E07000134,North West Leicestershire,Medium Town,36776,0.372815377
E07000134,North West Leicestershire,Small Town,13417,0.136014355
E07000154,Northampton,Other City,223794,0.99254903
E07000154,Northampton,Village or smaller,1680,0.00745097
E06000057,Northumberland,Village or smaller,121556,0.384668451
E06000057,Northumberland,Small Town,101520,0.321263789
E06000057,Northumberland,Medium Town,92926,0.294067759
E07000148,Norwich,Other City,141041,1
E06000018,Nottingham,Core City (outside London),294949,0.906748606
E06000018,Nottingham,Small Town,23090,0.070984561
E06000018,Nottingham,Medium Town,7243,0.022266833
E07000219,Nuneaton and Bedworth,Large Town,82973,0.653232981
E07000219,Nuneaton and Bedworth,Medium Town,30987,0.243955629
E07000219,Nuneaton and Bedworth,Other City,6940,0.054637495
E07000219,Nuneaton and Bedworth,Village or smaller,6119,0.048173895
E07000135,Oadby and Wigston,Medium Town,31786,0.569386476
E07000135,Oadby and Wigston,Small Town,24039,0.430613524
E08000004,Oldham,Large Town,103792,0.445987522
E08000004,Oldham,Small Town,87679,0.376751001
E08000004,Oldham,Medium Town,36105,0.155140854
E08000004,Oldham,Village or smaller,4834,0.020771386
E08000004,Oldham,Core City (outside London),314,0.001349238
S12000023,Orkney Islands,Village or smaller,21850,1
E07000178,Oxford,Large Town,159292,0.987606252
E07000178,Oxford,Village or smaller,1999,0.012393748
W06000009,Pembrokeshire,Village or smaller,77859,0.628128177
W06000009,Pembrokeshire,Small Town,46095,0.371871823
E07000122,Pendle,Small Town,39182,0.432529695
E07000122,Pendle,Medium Town,30494,0.336622952
E07000122,Pendle,Village or smaller,20912,0.230847353
S12000024,Perth and Kinross,Village or smaller,94887,0.629725246
S12000024,Perth and Kinross,Medium Town,47137,0.312828511
S12000024,Perth and Kinross,Small Town,8656,0.057446244
E06000031,Peterborough,Large Town,173484,0.880204977
E06000031,Peterborough,Village or smaller,23070,0.117050153
E06000031,Peterborough,Small Town,541,0.002744869
E06000026,Plymouth,Other City,239078,0.90491637
E06000026,Plymouth,Medium Town,25121,0.09508363
E06000029,Poole,Large Town,141056,0.931062706
E06000029,Poole,Village or smaller,6266,0.041359736
E06000029,Poole,Other City,4178,0.027577558
E06000044,Portsmouth,Other City,214832,1
W06000023,Powys,Village or smaller,107254,0.803545207
W06000023,Powys,Small Town,26222,0.196454793
E07000123,Preston,Large Town,95732,0.675115126
E07000123,Preston,Medium Town,35599,0.251049005
E07000123,Preston,Village or smaller,10221,0.072079887
E07000123,Preston,Small Town,249,0.001755982
E07000051,Purbeck,Village or smaller,28155,0.607626899
E07000051,Purbeck,Small Town,10600,0.228763812
E07000051,Purbeck,Large Town,7581,0.163609289
E06000038,Reading,Other City,162223,0.997276628
E06000038,Reading,Village or smaller,443,0.002723372
E09000026,Redbridge,Core City (London),299249,1
E06000003,Redcar and Cleveland,Medium Town,37420,0.276358158
E06000003,Redcar and Cleveland,Other City,37277,0.275302059
E06000003,Redcar and Cleveland,Village or smaller,35582,0.262783965
E06000003,Redcar and Cleveland,Small Town,25125,0.185555818
E07000236,Redditch,Large Town,82461,0.97046051
E07000236,Redditch,Village or smaller,2510,0.02953949
E07000211,Reigate and Banstead,Medium Town,90259,0.619706415
E07000211,Reigate and Banstead,Small Town,33695,0.231345436
E07000211,Reigate and Banstead,Village or smaller,15654,0.107478304
E07000211,Reigate and Banstead,Core City (London),6040,0.041469845
S12000038,Renfrewshire,Large Town,77063,0.438032172
S12000038,Renfrewshire,Small Town,60624,0.344591599
S12000038,Renfrewshire,Village or smaller,36241,0.205996703
S12000038,Renfrewshire,Core City (outside London),2002,0.011379526
W06000016,Rhondda Cynon Taf,Small Town,110382,0.46319438
W06000016,Rhondda Cynon Taf,Village or smaller,66409,0.27867112
W06000016,Rhondda Cynon Taf,Medium Town,61515,0.258134499
E07000124,Ribble Valley,Village or smaller,32169,0.546850032
E07000124,Ribble Valley,Small Town,23095,0.392598511
E07000124,Ribble Valley,Large Town,3562,0.060551457
E09000027,Richmond upon Thames,Core City (London),195330,0.997365277
E09000027,Richmond upon Thames,Medium Town,516,0.002634723
E07000166,Richmondshire,Village or smaller,32394,0.602880965
E07000166,Richmondshire,Small Town,21338,0.397119035
E08000005,Rochdale,Large Town,110339,0.510438785
E08000005,Rochdale,Medium Town,73174,0.338509935
E08000005,Rochdale,Small Town,23080,0.106770291
E08000005,Rochdale,Village or smaller,9572,0.044280989
E07000075,Rochford,Medium Town,32773,0.382549317
E07000075,Rochford,Other City,843,0.009840084
E07000075,Rochford,Small Town,34075,0.397747169
E07000075,Rochford,Village or Smaller,17979,0.209863429
E07000125,Rossendale,Small Town,62259,0.890865123
E07000125,Rossendale,Village or smaller,6554,0.093781301
E07000125,Rossendale,Medium Town,1073,0.015353576
E07000064,Rother,Village or smaller,49167,0.525563596
E07000064,Rother,Medium Town,43619,0.466259046
E07000064,Rother,Large Town,765,0.008177358
E08000018,Rotherham,Large Town,110200,0.420723094
E08000018,Rotherham,Small Town,70771,0.270190509
E08000018,Rotherham,Medium Town,35760,0.136525026
E08000018,Rotherham,Village or smaller,33980,0.129729317
E08000018,Rotherham,Core City (outside London),11219,0.042832054
E07000220,Rugby,Large Town,73041,0.703568848
E07000220,Rugby,Village or smaller,30774,0.296431152
E07000212,Runnymede,Small Town,39358,0.45296873
E07000212,Runnymede,Medium Town,31307,0.360310281
E07000212,Runnymede,Large Town,10029,0.115423126
E07000212,Runnymede,Village or smaller,6195,0.071297863
E07000176,Rushcliffe,Village or smaller,55139,0.478620534
E07000176,Rushcliffe,Medium Town,42421,0.368225062
E07000176,Rushcliffe,Small Town,17644,0.153154404
E07000092,Rushmoor,Large Town,59144,0.613991923
E07000092,Rushmoor,Medium Town,35595,0.369522564
E07000092,Rushmoor,Village or smaller,1588,0.016485513
E06000017,Rutland,Village or smaller,27631,0.715717764
E06000017,Rutland,Small Town,10975,0.284282236
E07000167,Ryedale,Village or smaller,45632,0.853157836
E07000167,Ryedale,Small Town,7854,0.146842164
E08000006,Salford,Large Town,113069,0.454592604
E08000006,Salford,Medium Town,66211,0.266200558
E08000006,Salford,Small Town,44699,0.179711811
E08000006,Salford,Other City,24320,0.097778278
E08000006,Salford,Village or smaller,427,0.001716749
E08000028,Sandwell,Medium Town,156945,0.486331466
E08000028,Sandwell,Large Town,94870,0.293977292
E08000028,Sandwell,Small Town,41249,0.127819852
E08000028,Sandwell,Core City (outside London),23014,0.071314361
E08000028,Sandwell,Village or smaller,6634,0.020557029
E07000168,Scarborough,Large Town,61164,0.567257753
E07000168,Scarborough,Village or smaller,33721,0.312741134
E07000168,Scarborough,Small Town,12939,0.120001113
S12000026,Scottish Borders,Village or smaller,79628,0.695258884
S12000026,Scottish Borders,Small Town,34902,0.304741116
E07000188,Sedgemoor,Village or smaller,53412,0.439836622
E07000188,Sedgemoor,Medium Town,43825,0.360889687
E07000188,Sedgemoor,Small Town,24199,0.199273691
E08000014,Sefton,Medium Town,130222,0.474810491
E08000014,Sefton,Large Town,91786,0.334666613
E08000014,Sefton,Small Town,41748,0.152219966
E08000014,Sefton,Core City (outside London),6612,0.024108422
E08000014,Sefton,Village or smaller,3893,0.014194508
E07000169,Selby,Village or smaller,67412,0.777827778
E07000169,Selby,Small Town,19255,0.222172222
E07000111,Sevenoaks,Village or smaller,50809,0.426457504
E07000111,Sevenoaks,Small Town,37112,0.311493848
E07000111,Sevenoaks,Medium Town,31221,0.262048648
E08000019,Sheffield,Core City (outside London),529969,0.921006076
E08000019,Sheffield,Small Town,35613,0.061890015
E08000019,Sheffield,Village or smaller,9842,0.017103909
E07000112,Shepway,Medium Town,52861,0.475411458
E07000112,Shepway,Small Town,33888,0.304775609
E07000112,Shepway,Village or smaller,24441,0.219812933
S12000027,Shetland Islands,Village or smaller,23200,1
E06000051,Shropshire,Village or smaller,175472,0.559946134
E06000051,Shropshire,Large Town,73276,0.233829973
E06000051,Shropshire,Small Town,64625,0.206223893
E06000039,Slough,Large Town,143260,0.973359333
E06000039,Slough,Village or smaller,3921,0.026640667
E08000029,Solihull,Large Town,126445,0.597106199
E08000029,Solihull,Core City (outside London),59031,0.278759746
E08000029,Solihull,Village or smaller,26287,0.124134056
S12000028,South Ayrshire,Medium Town,45641,0.405805993
S12000028,South Ayrshire,Village or smaller,37603,0.334338046
S12000028,South Ayrshire,Small Town,29226,0.259855962
E07000006,South Bucks,Small Town,29005,0.416523063
E07000006,South Bucks,Large Town,19703,0.282942731
E07000006,South Bucks,Village or smaller,19262,0.2766098
E07000006,South Bucks,Core City (London),1666,0.023924407
E07000012,South Cambridgeshire,Village or smaller,106161,0.678483779
E07000012,South Cambridgeshire,Small Town,25980,0.166040341
E07000012,South Cambridgeshire,Large Town,24327,0.15547588
E07000039,South Derbyshire,Medium Town,47342,0.471844041
E07000039,South Derbyshire,Village or smaller,37115,0.369914486
E07000039,South Derbyshire,Small Town,8210,0.081826699
E07000039,South Derbyshire,Other City,6738,0.0671557
E07000039,South Derbyshire,Large Town,929,0.009259075
E06000025,South Gloucestershire,Core City (outside London),111466,0.401501317
E06000025,South Gloucestershire,Large Town,65630,0.236399722
E06000025,South Gloucestershire,Village or smaller,42457,0.152930413
E06000025,South Gloucestershire,Medium Town,30849,0.111118315
E06000025,South Gloucestershire,Small Town,27221,0.098050234
E07000044,South Hams,Village or smaller,60637,0.719248927
E07000044,South Hams,Small Town,19950,0.236637962
E07000044,South Hams,Other City,3274,0.038834721
E07000044,South Hams,Medium Town,445,0.005278391
E07000140,South Holland,Village or smaller,49518,0.5359845
E07000140,South Holland,Medium Town,34613,0.374652278
E07000140,South Holland,Small Town,8256,0.089363222
E07000141,South Kesteven,Small Town,49750,0.354867932
E07000141,South Kesteven,Village or smaller,46216,0.329659826
E07000141,South Kesteven,Medium Town,44227,0.315472242
E07000031,South Lakeland,Village or smaller,63004,0.610066425
E07000031,South Lakeland,Medium Town,28967,0.28048686
E07000031,South Lakeland,Small Town,11303,0.109446715
S12000029,South Lanarkshire,Medium Town,113140,0.356795963
S12000029,South Lanarkshire,Village or smaller,75810,0.239072848
S12000029,South Lanarkshire,Large Town,75087,0.23679281
S12000029,South Lanarkshire,Small Town,53063,0.167338379
E07000149,South Norfolk,Village or smaller,99006,0.745319452
E07000149,South Norfolk,Small Town,25641,0.193026039
E07000149,South Norfolk,Other City,8190,0.061654509
E07000155,South Northamptonshire,Village or smaller,66301,0.737013528
E07000155,South Northamptonshire,Small Town,23328,0.259318134
E07000155,South Northamptonshire,Other City,330,0.003668338
E07000179,South Oxfordshire,Village or smaller,76535,0.554087513
E07000179,South Oxfordshire,Small Town,31123,0.225319993
E07000179,South Oxfordshire,Medium Town,28861,0.208943878
E07000179,South Oxfordshire,Large Town,1609,0.011648616
E07000126,South Ribble,Large Town,56679,0.514711491
E07000126,South Ribble,Medium Town,35193,0.319593527
E07000126,South Ribble,Village or smaller,9396,0.08532665
E07000126,South Ribble,Small Town,8850,0.080368332
E07000189,South Somerset,Village or smaller,96367,0.581768239
E07000189,South Somerset,Medium Town,47620,0.287482266
E07000189,South Somerset,Small Town,21658,0.130749494
E07000196,South Staffordshire,Small Town,51627,0.4643551
E07000196,South Staffordshire,Village or smaller,36953,0.33237093
E07000196,South Staffordshire,Other City,12911,0.116127001
E07000196,South Staffordshire,Large Town,5974,0.053732686
E07000196,South Staffordshire,Medium Town,3715,0.033414283
E08000023,South Tyneside,Large Town,76083,0.509195679
E08000023,South Tyneside,Medium Town,43351,0.29013238
E08000023,South Tyneside,Small Town,19740,0.132112597
E08000023,South Tyneside,Village or smaller,10244,0.068559344
E06000045,Southampton,Other City,254275,1
E06000033,Southend-on-Sea,Other City,179799,1
E09000028,Southwark,Core City (London),313223,1
E07000213,Spelthorne,Medium Town,52623,0.532072152
E07000213,Spelthorne,Large Town,32321,0.326798245
E07000213,Spelthorne,Core City (London),12452,0.125902408
E07000213,Spelthorne,Village or smaller,1506,0.015227195
E07000240,St Albans,Large Town,90699,0.620028438
E07000240,St Albans,Medium Town,30880,0.21109911
E07000240,St Albans,Village or smaller,24703,0.168872452
E07000204,St Edmundsbury,Medium Town,69327,0.613850077
E07000204,St Edmundsbury,Village or smaller,43611,0.386149923
E08000013,St. Helens,Large Town,104296,0.584438654
E08000013,St. Helens,Small Town,39685,0.222380992
E08000013,St. Helens,Medium Town,18502,0.103678799
E08000013,St. Helens,Village or smaller,15972,0.089501555
E07000197,Stafford,Large Town,71043,0.529559092
E07000197,Stafford,Village or smaller,41676,0.310655585
E07000197,Stafford,Small Town,16462,0.122708807
E07000197,Stafford,Other City,4974,0.037076516
E07000198,Staffordshire Moorlands,Small Town,49429,0.504022678
E07000198,Staffordshire Moorlands,Village or smaller,31792,0.324179914
E07000198,Staffordshire Moorlands,Other City,16848,0.171797408
E07000243,Stevenage,Large Town,87081,1
S12000030,Stirling,Village or smaller,47100,0.5024
S12000030,Stirling,Medium Town,37471,0.399690667
S12000030,Stirling,Small Town,9179,0.097909333
E08000007,Stockport,Large Town,109637,0.377333879
E08000007,Stockport,Small Town,92445,0.318164766
E08000007,Stockport,Medium Town,61168,0.210519795
E08000007,Stockport,Core City (outside London),21760,0.074890641
E08000007,Stockport,Village or smaller,5547,0.019090918
E06000004,Stockton-on-Tees,Large Town,83925,0.428886811
E06000004,Stockton-on-Tees,Medium Town,60803,0.310725109
E06000004,Stockton-on-Tees,Small Town,41355,0.211338863
E06000004,Stockton-on-Tees,Village or smaller,9598,0.049049218
E06000021,Stoke-on-Trent,Other City,252418,0.996809174
E06000021,Stoke-on-Trent,Village or smaller,808,0.003190826
E07000221,Stratford-on-Avon,Village or smaller,93474,0.764450914
E07000221,Stratford-on-Avon,Medium Town,28802,0.235549086
E07000082,Stroud,Village or smaller,54026,0.460261882
E07000082,Stroud,Medium Town,34003,0.289680613
E07000082,Stroud,Small Town,22954,0.195551239
E07000082,Stroud,Large Town,6398,0.054506266
E07000205,Suffolk Coastal,Village or smaller,64907,0.515318963
E07000205,Suffolk Coastal,Small Town,54584,0.433361121
E07000205,Suffolk Coastal,Large Town,6464,0.051319916
E08000024,Sunderland,Other City,175595,0.631723041
E08000024,Sunderland,Large Town,66825,0.24041056
E08000024,Sunderland,Small Town,26757,0.096261359
E08000024,Sunderland,Village or smaller,8785,0.03160504
E07000214,Surrey Heath,Medium Town,36658,0.41474425
E07000214,Surrey Heath,Small Town,23757,0.268783871
E07000214,Surrey Heath,Village or smaller,19794,0.223946961
E07000214,Surrey Heath,Large Town,8178,0.092524919
E09000029,Sutton,Core City (London),202220,1
E07000113,Swale,Small Town,54382,0.374939673
E07000113,Swale,Medium Town,52435,0.361515975
E07000113,Swale,Village or smaller,37773,0.260428014
E07000113,Swale,Large Town,452,0.003116339
W06000011,Swansea,Other City,184094,0.752900664
W06000011,Swansea,Small Town,31429,0.128537133
W06000011,Swansea,Village or smaller,28990,0.118562203
E06000030,Swindon,Other City,189280,0.868635415
E06000030,Swindon,Village or smaller,20653,0.094779835
E06000030,Swindon,Small Town,7972,0.03658475
E08000008,Tameside,Medium Town,149005,0.667618028
E08000008,Tameside,Small Town,55252,0.247557003
E08000008,Tameside,Core City (outside London),12144,0.054411284
E08000008,Tameside,Village or smaller,6788,0.030413685
E07000199,Tamworth,Large Town,73759,0.958469235
E07000199,Tamworth,Small Town,2811,0.036527841
E07000199,Tamworth,Village or smaller,385,0.005002924
E07000215,Tandridge,Small Town,45982,0.530571742
E07000215,Tandridge,Village or smaller,35280,0.407084752
E07000215,Tandridge,Core City (London),3907,0.045081636
E07000215,Tandridge,Medium Town,1496,0.01726187
E07000190,Taunton Deane,Large Town,61941,0.536216076
E07000190,Taunton Deane,Village or smaller,41557,0.359754144
E07000190,Taunton Deane,Small Town,12017,0.10402978
E07000045,Teignbridge,Village or smaller,64535,0.496973571
E07000045,Teignbridge,Small Town,38504,0.296513061
E07000045,Teignbridge,Medium Town,26817,0.206513369
E06000020,Telford and Wrekin,Large Town,147105,0.850435899
E06000020,Telford and Wrekin,Village or smaller,13002,0.075166497
E06000020,Telford and Wrekin,Small Town,12869,0.074397604
E07000076,Tendring,Medium Town,52704,0.369598452
E07000076,Tendring,Village or smaller,48759,0.341933267
E07000076,Tendring,Small Town,41135,0.288468281
E07000093,Test Valley,Medium Town,45554,0.373258825
E07000093,Test Valley,Village or smaller,45057,0.369186523
E07000093,Test Valley,Small Town,17107,0.140170758
E07000093,Test Valley,Large Town,8615,0.070589296
E07000093,Test Valley,Other City,5711,0.046794599
E07000083,Tewkesbury,Small Town,49242,0.555847791
E07000083,Tewkesbury,Village or smaller,27581,0.311336622
E07000083,Tewkesbury,Large Town,11766,0.132815587
E07000114,Thanet,Large Town,64517,0.458699485
E07000114,Thanet,Medium Town,42513,0.302256633
E07000114,Thanet,Small Town,24328,0.172965902
E07000114,Thanet,Village or smaller,9294,0.06607798
E07000102,Three Rivers,Large Town,42201,0.456064323
E07000102,Three Rivers,Medium Town,25325,0.273686144
E07000102,Three Rivers,Small Town,13490,0.145785828
E07000102,Three Rivers,Village or smaller,11517,0.124463705
E06000034,Thurrock,Large Town,72514,0.434150576
E06000034,Thurrock,Small Town,53411,0.319778476
E06000034,Thurrock,Medium Town,28566,0.171028289
E06000034,Thurrock,Village or smaller,12534,0.075042658
E07000115,Tonbridge and Malling,Medium Town,67484,0.530146984
E07000115,Tonbridge and Malling,Village or smaller,35760,0.280926681
E07000115,Tonbridge and Malling,Small Town,20154,0.158327638
E07000115,Tonbridge and Malling,Large Town,3895,0.030598697
E06000027,Torbay,Large Town,66128,0.493923799
E06000027,Torbay,Medium Town,50279,0.375544319
E06000027,Torbay,Small Town,16730,0.124959853
E06000027,Torbay,Village or smaller,746,0.005572029
W06000020,Torfaen,Medium Town,75938,0.824946769
W06000020,Torfaen,Small Town,9082,0.098661626
W06000020,Torfaen,Village or smaller,7032,0.076391605
E07000046,Torridge,Village or smaller,36596,0.546396524
E07000046,Torridge,Small Town,30381,0.453603476
E09000030,Tower Hamlets,Core City (London),304854,1
E08000009,Trafford,Medium Town,125507,0.534816532
E08000009,Trafford,Large Town,62504,0.266345084
E08000009,Trafford,Small Town,25381,0.108154752
E08000009,Trafford,Core City (outside London),20004,0.085242018
E08000009,Trafford,Village or smaller,1277,0.005441615
E07000116,Tunbridge Wells,Medium Town,59947,0.512065534
E07000116,Tunbridge Wells,Village or smaller,37990,0.324509477
E07000116,Tunbridge Wells,Small Town,19132,0.163424989
E07000077,Uttlesford,Village or smaller,53591,0.621791897
E07000077,Uttlesford,Small Town,32597,0.378208103
W06000014,Vale of Glamorgan,Medium Town,81370,0.633411955
W06000014,Vale of Glamorgan,Village or smaller,30701,0.238987101
W06000014,Vale of Glamorgan,Small Town,16091,0.125257856
W06000014,Vale of Glamorgan,Core City (outside London),301,0.002343087
E07000180,Vale of White Horse,Village or smaller,52482,0.40766518
E07000180,Vale of White Horse,Medium Town,39742,0.308704501
E07000180,Vale of White Horse,Small Town,27065,0.210233187
E07000180,Vale of White Horse,Large Town,9449,0.073397132
E08000036,Wakefield,Small Town,107958,0.320508025
E08000036,Wakefield,Large Town,100500,0.298366554
E08000036,Wakefield,Medium Town,71615,0.212612147
E08000036,Wakefield,Village or smaller,56761,0.168513274
E08000030,Walsall,Medium Town,142110,0.509875679
E08000030,Walsall,Large Town,84791,0.304221158
E08000030,Walsall,Small Town,39091,0.140254382
E08000030,Walsall,Core City (outside London),9619,0.034511957
E08000030,Walsall,Village or smaller,3104,0.011136824
E09000031,Waltham Forest,Core City (London),275843,1
E09000032,Wandsworth,Core City (London),316096,1
E06000007,Warrington,Large Town,171058,0.819207984
E06000007,Warrington,Village or smaller,25759,0.123361541
E06000007,Warrington,Small Town,11992,0.057430475
E07000222,Warwick,Medium Town,90028,0.641174837
E07000222,Warwick,Small Town,29796,0.212205596
E07000222,Warwick,Village or smaller,17160,0.122212647
E07000222,Warwick,Other City,3427,0.02440692
E07000103,Watford,Large Town,96773,1
E07000206,Waveney,Large Town,72130,0.619067237
E07000206,Waveney,Village or smaller,30206,0.259247816
E07000206,Waveney,Small Town,14178,0.121684948
E07000216,Waverley,Small Town,43648,0.352659815
E07000216,Waverley,Village or smaller,42823,0.345994118
E07000216,Waverley,Medium Town,37297,0.301346067
E07000065,Wealden,Small Town,78028,0.495180073
E07000065,Wealden,Village or smaller,69436,0.440653657
E07000065,Wealden,Large Town,10111,0.06416627
E07000156,Wellingborough,Medium Town,51924,0.664066197
E07000156,Wellingborough,Village or smaller,26267,0.335933803
E07000241,Welwyn Hatfield,Medium Town,94821,0.777246795
E07000241,Welwyn Hatfield,Village or smaller,21199,0.173767992
E07000241,Welwyn Hatfield,Small Town,5976,0.048985213
E06000037,West Berkshire,Medium Town,67075,0.427673317
E06000037,West Berkshire,Village or smaller,64180,0.409214662
E06000037,West Berkshire,Other City,25133,0.160249176
E06000037,West Berkshire,Small Town,449,0.002862845
E07000047,West Devon,Village or smaller,33870,0.620534242
E07000047,West Devon,Small Town,20712,0.379465758
E07000052,West Dorset,Village or smaller,55266,0.545126354
E07000052,West Dorset,Small Town,43500,0.429070249
E07000052,West Dorset,Medium Town,2616,0.025803397
S12000039,West Dunbartonshire,Village or smaller,35434,0.394324505
S12000039,West Dunbartonshire,Small Town,29374,0.326886268
S12000039,West Dunbartonshire,Medium Town,25052,0.278789228
E07000127,West Lancashire,Medium Town,61073,0.538557861
E07000127,West Lancashire,Village or smaller,26421,0.232987363
E07000127,West Lancashire,Small Town,18070,0.159346038
E07000127,West Lancashire,Large Town,7837,0.069108738
E07000142,West Lindsey,Village or smaller,70549,0.752651119
E07000142,West Lindsey,Small Town,22669,0.241843941
E07000142,West Lindsey,Large Town,516,0.00550494
S12000040,West Lothian,Small Town,70311,0.390334758
S12000040,West Lothian,Medium Town,56684,0.314683839
S12000040,West Lothian,Village or smaller,53135,0.294981402
E07000181,West Oxfordshire,Village or smaller,62062,0.57108416
E07000181,West Oxfordshire,Medium Town,30112,0.277085595
E07000181,West Oxfordshire,Small Town,16500,0.151830245
E07000191,West Somerset,Village or smaller,22521,0.656474086
E07000191,West Somerset,Small Town,11785,0.343525914
E09000033,Westminster,Core City (London),247614,1
E07000053,Weymouth and Portland,Medium Town,52393,0.801471601
E07000053,Weymouth and Portland,Village or smaller,12978,0.198528399
E08000010,Wigan,Small Town,108638,0.336278091
E08000010,Wigan,Large Town,99821,0.308985947
E08000010,Wigan,Medium Town,92057,0.284953259
E08000010,Wigan,Village or smaller,22544,0.069782703
E06000054,Wiltshire,Village or smaller,198342,0.406098168
E06000054,Wiltshire,Small Town,165770,0.33940816
E06000054,Wiltshire,Medium Town,124024,0.253934715
E06000054,Wiltshire,Other City,273,0.000558958
E07000094,Winchester,Village or smaller,70745,0.580043455
E07000094,Winchester,Medium Town,50908,0.417398434
E07000094,Winchester,Large Town,312,0.002558111
E06000040,Windsor and Maidenhead,Large Town,66785,0.448781701
E06000040,Windsor and Maidenhead,Medium Town,32970,0.221551736
E06000040,Windsor and Maidenhead,Small Town,25066,0.168438453
E06000040,Windsor and Maidenhead,Village or smaller,23993,0.16122811
E08000015,Wirral,Large Town,204457,0.636465798
E08000015,Wirral,Medium Town,87354,0.271929224
E08000015,Wirral,Small Town,25705,0.080018553
E08000015,Wirral,Village or smaller,3722,0.011586425
E07000217,Woking,Large Town,88068,0.883374292
E07000217,Woking,Medium Town,7748,0.077717037
E07000217,Woking,Village or smaller,3879,0.038908671
E06000041,Wokingham,Medium Town,82381,0.508907943
E06000041,Wokingham,Other City,40531,0.250379916
E06000041,Wokingham,Village or smaller,24006,0.148296866
E06000041,Wokingham,Small Town,14960,0.092415276
E08000031,Wolverhampton,Other City,202760,0.790114605
E08000031,Wolverhampton,Medium Town,53676,0.209164488
E08000031,Wolverhampton,Small Town,185,0.000720907
E07000237,Worcester,Large Town,102220,0.998846958
E07000237,Worcester,Village or smaller,118,0.001153042
E07000229,Worthing,Large Town,108605,1
W06000006,Wrexham,Large Town,62497,0.457150172
W06000006,Wrexham,Village or smaller,60696,0.4439763
W06000006,Wrexham,Small Town,13517,0.098873528
E07000238,Wychavon,Village or smaller,64038,0.520875528
E07000238,Wychavon,Small Town,31605,0.25707035
E07000238,Wychavon,Medium Town,26642,0.216702049
E07000238,Wychavon,Large Town,658,0.005352074
E07000007,Wycombe,Large Town,119461,0.67542461
E07000007,Wycombe,Village or smaller,34311,0.19399213
E07000007,Wycombe,Small Town,23096,0.13058326
E07000128,Wyre,Small Town,47752,0.433081507
E07000128,Wyre,Village or smaller,32453,0.29432891
E07000128,Wyre,Medium Town,25607,0.232239867
E07000128,Wyre,Large Town,4449,0.040349716
E07000239,Wyre Forest,Medium Town,56697,0.567526176
E07000239,Wyre Forest,Small Town,28631,0.286590859
E07000239,Wyre Forest,Village or smaller,14574,0.145882965
E06000014,York,Large Town,161875,0.776874457
E06000014,York,Village or smaller,34504,0.16559244
E06000014,York,Small Town,11988,0.057533103
